2.0398591764586826,0.10725727026383648,2.6,0.98,0.8360258823547996,0.8793074634973058,0.9746132440982859,0.2609990550322768,0.001738891320229976,0.0022460769154638623,0.013892444434758327,0.006374540582201738,0.72,0.1,1.0,1.2758427992689234,0.4401180719706163,0.30183039154579205,0.8884311913618093,0.5,0.000780381121402082,-0.004695865258759132,-0.009901487803682855,-0.042312624336488656,0.0,0.01671069014933576,0.0051964538593773976,0.006911844664933865,0.0
2.1812609260935836,0.17442466846576093,2.6,0.98,0.8120869411892836,0.8964317668819012,0.9785860831268223,0.18266189838102911,0.0019835263207541973,0.0021944603471781574,0.019253348962156813,0.005941756745661637,0.72,0.1,1.0,1.2759533999485662,0.526503340607397,0.40116771927766964,1.1183648705080675,0.5,0.00046530759393674493,-0.0022089584043003254,-0.010733858413044986,-0.06108520007274248,0.0,-0.01568433373943174,-0.0058864335819512,0.005907809051903807,0.0
2.0240377213703775,0.09124874617185526,2.6,0.98,0.8519670675157198,0.9030027333919508,0.9770888179094287,0.3606841552800546,0.0018024674099485422,0.0022819493839977252,0.016347136711717936,0.005948261015042789,0.72,0.1,1.0,1.275552514574994,0.6072638863376714,0.30414866113635,0.9336737138349845,0.5,0.0006758795167531445,-0.003757552635312393,0.006799785187494201,-0.027427679817292678,0.0,-0.030211208088231547,0.006516715875742126,0.008207256226803615,0.0
1.6993918537078445,0.135371570187868,2.6,0.98,0.7872649329771766,0.8563169917789532,0.9830365452934013,0.5166013591173663,0.0019726403638197893,0.0023899076344219426,0.02444331414704028,0.004626780597101682,0.72,0.1,1.0,1.2761332900531817,0.5726620791011098,0.30808383891152896,0.9817202228170071,0.5,-0.00012534177658034436,0.0005036067976275377,-0.013441140899625656,-0.020078032417295687,0.0,-0.03914998671249972,-0.004966504043050094,0.008362681891910384,0.0
1.9082523746280007,0.07707695361297524,2.6,0.98,0.8527675628351753,0.8748401792950712,0.9679643009626593,0.3215213924027394,0.001689267465817778,0.00225617266711781,0.01236269044193301,0.00584996198807569,0.72,0.1,1.0,1.2750914436648817,0.30015430326037473,0.26933163722559955,0.724904238828608,0.5,0.0018742714710450574,-0.003009018818149007,0.005476830276390769,0.0007322289736197063,0.0,-0.041286028154362955,-0.006598609824011014,0.005886784059627786,0.0
1.6791812675706188,0.11835367788353886,2.6,0.98,0.8032378403297775,0.8588024928377782,0.9723761561468445,0.5210786145421817,0.001959358699884277,0.0024102193930499415,0.02161326754364525,0.0049034777565751565,0.72,0.1,1.0,1.2759632966637993,0.31599328749601335,0.28992909693343055,0.8447901669522806,0.5,0.001845078546922632,-0.0019049002869946396,-0.007081918527626238,0.01929294633967509,0.0,0.0004988135153575221,-0.004772981119661694,0.008521904044864994,0.0
1.7564553406106047,0.13631825527835606,2.6,0.98,0.785613156534527,0.9162982575768678,0.9828283694137291,0.29768347283319996,0.0021024853759746315,0.0021350915526089434,0.019953556975230307,0.005316405622965188,0.72,0.1,1.0,1.27414658253969,0.45617136604004044,0.24393216879302645,0.7922750927967758,0.5,0.0017273175157102665,-0.0006159606638862312,-0.003626684846566825,0.020639457657113426,0.0,-0.0876396736804754,-0.01020345732826868,0.003913922458919935,0.0
1.9299549285958604,0.12452021459382298,2.6,0.98,0.7813483918372561,0.9369440089335437,0.9742388635334746,0.10009517273436183,0.002083943687484624,0.0022209471884758088,0.016967141267144926,0.005988714939571781,0.72,0.1,1.0,1.2682452095830463,0.8998924165524169,0.33295085674011654,0.8121942655397034,0.5,-0.0014398999972140636,0.008033457912569921,-0.0037441869588177926,-0.026286765900460318,0.0,-0.047839493969962656,-0.010844873295065912,0.0058907514794869845,0.0
1.9555506602652428,0.14046149997284582,2.6,0.98,0.7849212843187001,0.9526880231225695,0.9735181188566282,0.5030105374559748,0.0021232242893947724,0.0020392311852705787,0.021933337929322776,0.005230305040252675,0.72,0.1,1.0,1.2712833486300439,0.8069156402929605,0.2572650486761465,0.5706793776367725,0.5,-0.0016646940267098505,0.008268088635009309,-0.007178428046742022,-0.001199825879933546,0.0,0.024626264445517826,-0.009933697745006492,0.006549909169382301,0.0
1.9190159742452169,0.11577387845043871,2.6,0.98,0.7763515724644272,0.9192660272926122,0.9699809324861614,0.3875189509160152,0.002192397791762244,0.002168791019120924,0.01414489383817721,0.005624878565664046,0.72,0.1,1.0,1.2722886165199574,0.9309258906980119,0.33556582286681635,0.6609807525326539,0.5,-0.001022199555101069,-0.0008079522408908761,0.004365799527699898,-0.013031875841083956,0.0,0.007383491244425591,0.00722156810909738,0.005479711991207482,0.0
2.1523400273428726,0.14926682438685704,2.6,0.98,0.7669302807400897,0.907503983646444,0.9743748598833878,0.3231579853541487,0.002063999528390233,0.0021439276889849306,0.017041213893144412,0.005392194561602814,0.72,0.1,1.0,1.2746053452789203,0.9274972907137222,0.3603625079092557,0.7408574102605775,0.5,-0.0005551336102922346,0.00023097127742427155,0.014209515109682096,-0.02660334142213425,0.0,-0.05998060167786542,-0.003502291491353827,0.0041967057024587225,0.0
1.8361525316737488,0.13834907882623895,2.6,0.98,0.7632240982799564,0.907108220716869,0.9729631669825539,0.3023092734525487,0.002014736566273904,0.002345648512315476,0.01514914558272335,0.005766176915798879,0.72,0.1,1.0,1.276328771401476,0.4882703797546803,0.2996668581556749,0.6288559093649676,0.5,-0.0002865890598310571,-0.0035205826895331,0.010120768385172486,0.0285082138431075,0.0,0.009155687523157926,0.008153909184803214,0.003386516936027768,0.0
1.8837518889171305,0.17463912561478753,2.6,0.98,0.7264769085955232,0.9597652898263376,0.9694314597822844,0.34486789458123845,0.0026544302790652724,0.0019887215514230445,0.008856371006363016,0.005645883657042441,0.72,0.1,1.0,1.279099469996021,0.24055831502705605,0.38394048722730556,0.38387156829727814,0.5,-9.101113958227944e-5,-0.003780771391097072,0.01618364379953525,0.031943484961515896,0.0,-0.005231290433419756,0.017693935630580478,0.004491855948741003,0.0
1.7032608858618656,0.1354457393059419,2.6,0.98,0.7407922077067903,0.9384287853576524,0.9804724004114355,0.28858419636510557,0.002380292878967154,0.0019211898724176544,0.011260671109252093,0.005751165297755224,0.72,0.1,1.0,1.2798371965652797,0.42811922072499387,0.39258656038696293,0.7588366246303405,0.5,-0.00025889894568944323,-0.008381512362590424,0.000851620561028014,-0.035891159186468305,0.0,-0.02847567982154716,0.008649509859609305,0.006496525763155576,0.0
1.7528667830097358,0.14000388041675835,2.6,0.98,0.7567965796213523,0.9470939561474181,0.968493659601927,0.2731991312690013,0.002312597655527492,0.0021803794448710502,0.012938810283795309,0.005450956061894325,0.72,0.1,1.0,1.2755192448938193,0.587104915539067,0.37527471215869934,0.6746832941409756,0.5,6.456908543453054e-5,-0.00618421283418301,-0.003979564328038128,-0.03741076821472447,0.0,-0.007375477163701711,-0.008670038837024104,0.005381793178503368,0.0
1.6498931355818,0.13684995805601732,2.6,0.98,0.7622195613398897,0.9446135779750129,0.973061575708781,0.4503532298858153,0.0022530603074131885,0.0019492296151173458,0.014624381415903788,0.005432881741640647,0.72,0.1,1.0,1.2743065425685516,0.9272656036062579,0.28185321120960705,0.6677120830151846,0.5,8.128881363491313e-5,-0.003139648416099546,0.003544437506334225,-0.07928074795556231,0.0,0.019138969164292547,-0.004310730235299939,0.004074832141692309,0.0
2.0717680484270318,0.12956157276145489,2.6,0.98,0.7961914927144081,0.9083240330403447,0.965535802930761,0.3516541323690721,0.002175815032493009,0.001974620792117405,0.012534970643246733,0.0057282921115605085,0.72,0.1,1.0,1.272226080578131,0.8607971681116494,0.22024538887711306,0.8750716591846402,0.5,-0.00015355253415951444,0.0006244325159169623,-0.006068873620160458,-0.04533614118109361,0.0,-0.024489502989101228,-0.013674179901031243,0.0026048015568896493,0.0
2.242667144664654,0.13884957273393506,2.6,0.98,0.8071775703073211,0.9355845106530566,0.9738613464416318,0.36841888035541787,0.0019659128268268273,0.002008443174696788,0.016192574117494963,0.006105980720430137,0.72,0.1,1.0,1.274807486638048,0.8924218985570493,0.22467954011307995,1.0007627537680543,0.5,-0.0017931023231363536,0.002900302662510317,-0.01767640604936958,-0.03920094401931702,0.0,0.0006246124100600034,-0.012148063115598315,0.006500455657462633,0.0
2.235633980429776,0.11839746697434392,2.6,0.98,0.8221962683049515,0.9486090208829884,0.9603554726061929,0.20986282982096213,0.002144166113784995,0.002313446271697906,0.013720173783116461,0.005666774695202939,0.72,0.1,1.0,1.2709397919402319,0.5395065002468892,0.3367086699420566,0.597603772488796,0.5,0.00017514425670968608,0.0014738751699980134,-0.01068555061805505,-0.045652393097000005,0.0,0.03355619108690262,-0.0017292504322165931,0.00011399234673247275,0.0
1.7546900757831385,0.12027716448659688,2.6,0.98,0.762648177746905,0.9533112364800039,0.9855768503642808,0.06316389961509089,0.002034491648156516,0.0024242319325799636,0.016765269081763137,0.00587625831669582,0.72,0.1,1.0,1.2794614739082062,0.9784419343968005,0.4507391078173407,0.995790088067988,0.5,0.002556647415270711,-0.004327699243623458,0.003492313099282285,-0.13666395704796114,0.0,0.0423131210437224,0.002604501281010794,0.002896077493697558,0.0
2.0223760370101607,0.11401464835135712,2.6,0.98,0.7904331519255793,0.9587367008453904,0.9800720882259863,0.1678814638773654,0.0019496228225503074,0.0024291242346588626,0.013602415994377883,0.005966339479114108,0.72,0.1,1.0,1.2759004949429906,0.8001022517981274,0.3464667989471448,0.8615694282752259,0.5,0.0005346223236819923,-0.001361151672367015,0.007877926107144818,-0.06680374972098274,0.0,0.012213006188622835,-0.01419098094402525,0.0029233418396588237,0.0
1.5575748576093835,0.11110968741014898,2.6,0.98,0.7598671940727237,0.8987910222514003,0.9747838449662365,0.2046667858421446,0.0021158166927686232,0.002081012095062933,0.011680102239381386,0.005461005919865422,0.72,0.1,1.0,1.2746928071799726,0.33536054730858983,0.3267665455210983,0.6584669404486894,0.5,-0.002786230649678038,0.0068048324883364444,-0.009894806174019593,0.016703605656008695,0.0,0.030995272491324964,-0.014273766289617622,0.009641913627481498,0.0
1.5699959568729005,0.12570107133847305,2.6,0.98,0.7426493335284415,0.8859363062170645,0.9772181651440214,0.3241326705225783,0.002316688395214679,0.002060121125365733,0.015563342866794404,0.0054132226148351685,0.72,0.1,1.0,1.2729778449927496,0.7080680770501877,0.3843485204108639,0.6940289440760673,0.5,0.002631590780170264,0.0032080960210941274,-0.011273210541595902,-0.05681573708057359,0.0,0.016159763515761698,0.005570012365229596,0.010845101108058036,0.0
1.8595412614542557,0.151752236404875,2.6,0.98,0.7437013609805962,0.8920096936369981,0.9766533954181896,0.23318860761597549,0.002328153633843168,0.002338114334757422,0.014893287529357212,0.005416734903378445,0.72,0.1,1.0,1.274696463305762,0.4327820787720542,0.32150593447954,0.6502622748051057,0.5,-0.0009700717382696709,0.0012551199274438807,-0.010704539697188094,0.009005398484185401,0.0,-0.007162310424425139,-0.005418888798371436,0.005979189803895463,0.0
1.543534853219221,0.07819350409306733,2.6,0.98,0.7883232465200639,0.9857849621818257,0.9671157613167695,0.4417010165682723,0.0020936700768027236,0.0021416376169357764,0.010361353259959844,0.005395841536379523,0.72,0.1,1.0,1.275518480699092,0.8496512457113792,0.23411395936108356,1.1094832725465147,0.5,0.0009541846323910337,-0.007125655781567788,0.0020041479290020805,-0.055084761641066744,0.0,0.02169975124977714,-0.0006022076873910014,0.004313974742625392,0.0
1.7751190895374107,0.14191518999310493,2.6,0.98,0.7744530266948003,0.9308015791958651,0.9804993634304447,0.5500790174916325,0.0019025530285299366,0.0021995331398527267,0.019629511234509827,0.0044488200510064396,0.72,0.1,1.0,1.2772681155897432,1.0506968508739738,0.2476727480372821,0.9911687451469937,0.5,0.0011442144925933116,-0.007948765745863048,-0.0008387973420867342,-0.07929009980614751,0.0,0.02053560755180085,0.00544135558137104,0.0032261749454620217,0.0
1.9724353725281725,0.13945979033968614,2.6,0.98,0.7874597678588235,0.9243229023399872,0.9622676678476157,0.43116945190845696,0.001872165141836149,0.0022084238652664654,0.014879844683102062,0.0049676096904359875,0.72,0.1,1.0,1.272789070986354,0.44146500044871795,0.22425405283580865,0.6756899039226177,0.5,-0.0019859167319228065,0.003340263316543331,0.010403515373681775,0.03681735338170248,0.0,0.03306451954937777,-0.007597450028252093,0.0072629207061331216,0.0
2.0224287718115157,0.18086758336853379,2.6,0.98,0.7530446278000615,0.9294865702909313,0.9791629261983804,0.2663238549761841,0.002208758494106052,0.00224450904016809,0.022142931360729947,0.005340117622775417,0.72,0.1,1.0,1.2700932174892217,0.7269643646711559,0.24188775279747118,0.8884819466838995,0.5,-0.00022380941423996318,-1.0630043656828883e-5,-0.0022616495149559673,-0.02735494784107887,0.0,0.008184351876171095,0.0034798636831231966,0.007728921373585725,0.0
1.8918195419547814,0.1136057270458466,2.6,0.98,0.7829700775105921,0.9563493943555914,0.9840661574602181,0.29069821803799034,0.0021365441878146954,0.0020299877609718277,0.02528376525976648,0.005477597507173614,0.72,0.1,1.0,1.2714773045988337,0.9200941516789384,0.364143434169764,0.7704314288314047,0.5,-0.0017981975817210106,0.0012894178181758003,-0.009845458772364946,-0.04595678000067781,0.0,-0.018151714694691626,-0.010345247078589774,0.004319495019448455,0.0
1.8866225954631537,0.16225221866862682,2.6,0.98,0.7321660577411325,0.9303382431004067,0.9789844491533047,0.3201835745372626,0.0022163844152378385,0.0020331331936193193,0.021587497358439834,0.005312881003130906,0.72,0.1,1.0,1.2727937172907047,0.5675619150988217,0.37893586807656593,0.5870925290603528,0.5,-0.0005610534844750753,-0.0020071391187295243,-0.010622126662379255,-0.03342829444132653,0.0,-0.046172946706476634,-0.003196394346758507,0.004091083910647837,0.0
2.0134106106678655,0.15593245729102084,2.6,0.98,0.7686108676810623,0.9204203984457455,0.9646737809098879,0.22193334164934198,0.0019973707099356745,0.002006115465732881,0.015558543650179755,0.006049356973945085,0.72,0.1,1.0,1.272729734463146,0.21244849969936289,0.3588810712912072,0.5321367519881055,0.5,-3.190176887528048e-5,0.0020786841607211173,-0.0012280523209173525,0.02111270867828265,0.0,-0.047592651355575104,-0.004698783541274412,0.007191542781930384,0.0
1.8659762964429734,0.10541937545258019,2.6,0.98,0.7856035884116582,0.9381184572952247,0.982907779680544,0.31263195232755514,0.0020465384150938994,0.002267535555236484,0.01940216474568785,0.006008879059437252,0.72,0.1,1.0,1.272281681030322,0.5734995058775401,0.29865208588603476,0.5615726692296515,0.5,0.0036955982795392897,0.0023247507505209236,-0.005294311767891744,0.02636142906153123,0.0,0.017008919553319485,-0.007511347580395021,0.007684912274737525,0.0
1.5087415459533422,0.09951104654351507,2.6,0.98,0.7567429773521851,0.8997445329539877,0.9744287683123581,0.2742442083884033,0.0022663413537096027,0.0022457903817646894,0.014044268905045659,0.00518433338523065,0.72,0.1,1.0,1.2726738494961773,0.7568758400234358,0.2218628395657673,0.8149161586540453,0.5,0.004482416991344003,-0.0009773915667930495,-0.003940608792594572,0.005538772954245822,0.0,-0.020708998945353697,-0.0029160414321731045,0.008847991721660049,0.0
1.748433103012854,0.1338066476115773,2.6,0.98,0.7466507588953599,0.9374429705570788,0.9668331739810226,0.1933280457261486,0.002004083035945749,0.0021285517230736034,0.015466948403507345,0.00606692835959976,0.72,0.1,1.0,1.2756934984147035,0.35810429756030365,0.3768036488936945,0.705622505850605,0.5,0.00035783129551263115,0.00018600209998303487,-0.013781385913901392,0.003235019367213949,0.0,-0.028001651869092266,-0.015618547901001685,0.008045855937556334,0.0
2.0591317190310434,0.12959205860852147,2.6,0.98,0.8040443644010806,0.9540089944033491,0.9763551275873427,0.29345030484773976,0.001971242457719524,0.0020583820381727875,0.01994958853674893,0.005344403647220967,0.72,0.1,1.0,1.275684352438838,0.461653090026124,0.3805516526605615,0.7099990050013355,0.5,-0.00026415260247830957,-0.0011178052732199757,0.008425428391230862,-0.027191206870729116,0.0,-0.017056330308702423,-0.0015523609645010368,0.007998516246027761,0.0
2.0404703883354016,0.14276067954268565,2.6,0.98,0.7835574137750476,0.9423373517427537,0.9698405998111128,0.19951392320113925,0.0018741785348281934,0.002212671995687524,0.010858680629341533,0.005568561188114515,0.72,0.1,1.0,1.2735624606881468,0.39616386312364393,0.39790812706021417,0.6331929986583067,0.5,0.0005341809976753102,-0.0005220974035944358,0.004607802448949613,-0.03472857997710144,0.0,0.0046694053855765045,0.0010863072337954785,0.0025308598285593248,0.0
1.8360477662802916,0.11086816384689292,2.6,0.98,0.7868149409311552,0.8798475122972429,0.9848775932367699,0.2593986947787608,0.002162886586434246,0.0019524064733986094,0.020056639601643757,0.00587674042215167,0.72,0.1,1.0,1.2702893472716503,0.6213709590428311,0.2936700771197872,0.7250164553639313,0.5,0.0006626500305661471,0.0011099326329239798,0.01416842273118422,-0.02686442717654928,0.0,0.07092543130140283,-0.01575038321026326,0.008153856822799505,0.0
1.8609859112123779,0.17207888016130354,2.6,0.98,0.7328374149146788,0.9122257350354257,0.9861295919423408,0.3339973992213286,0.0022624913672944598,0.0019755200371464115,0.018339556850232325,0.005812396164818616,0.72,0.1,1.0,1.274269854219811,0.6951113461409111,0.43080458782496955,0.7110814023627628,0.5,0.0002492454312000515,0.0010304242514935715,0.0013139019499664108,-0.030194831615365056,0.0,0.014225929211678985,-0.0003809414032881764,0.004843007529658075,0.0
1.6058623887907493,0.09171597673887733,2.6,0.98,0.7558777942106786,0.9356758788200439,0.9618013445388257,0.19841473817547195,0.002280572752106996,0.0021440127078523603,0.009082247540999594,0.0065771283331655,0.72,0.1,1.0,1.2744481454733592,0.36368433181696735,0.29343569563365646,0.48486890488806395,0.5,0.0004449342980166447,0.002661408980469801,0.016725228183072934,-0.021499474474311914,0.0,0.007789291792979973,-0.003044554180986055,0.007330563844396748,0.0
1.5705442554590907,0.13640455359459983,2.6,0.98,0.7213262515122852,0.960881878322287,0.9745136208322703,0.06725790263213055,0.0022981284441695557,0.0022224204993255823,0.014108736036119156,0.006726089273240463,0.72,0.1,1.0,1.272609900476632,0.8176040299946131,0.3111900242705824,0.6443048837055088,0.5,0.0011433460897364582,0.0031622846500739725,0.012053160995590156,-0.11008883042842124,0.0,0.021370048033393926,0.001068063041204804,0.0016578722203684812,0.0
1.60594649021905,0.22207023882124163,2.6,0.98,0.6482973405751323,0.9486359384766093,0.9829023957243839,0.09753006673235114,0.002721568055428953,0.001989581671585257,0.01370550059092386,0.0053689369708602745,0.72,0.1,1.0,1.2690891186406472,0.4725003685211117,0.3787895488379141,0.7203179602868441,0.5,-0.0012122742798418354,0.004569872032811437,-0.003836354195305858,-0.12306598399471834,0.0,0.01009763709218745,-0.004490270058034281,0.006743637410596403,0.0
1.6055020241281248,0.18236256255255226,2.6,0.98,0.6637003756596962,0.9481851047012276,0.9842949121509811,0.1987157672609381,0.0026464059092266923,0.0018735441438389598,0.014043228928374533,0.005992414653994214,0.72,0.1,1.0,1.2717979446299106,1.0062167319792945,0.3906089600607825,0.8339886000641443,0.5,-0.000733116329633016,0.0015751566444629158,-0.008084603801854578,-0.13581321005228625,0.0,0.009225988523462004,0.0033190065292437705,0.008462057412536169,0.0
1.677025471668529,0.1974375421192503,2.6,0.98,0.6481440490616023,0.9530443084597373,0.9635279039862192,0.15985154624048573,0.002542409746507884,0.0018167638608377428,0.010063518666512216,0.006416145363138791,0.72,0.1,1.0,1.2718374876600311,0.759800751607615,0.28014157822698055,0.5979988659697566,0.5,0.0006815023944405817,0.0027422615929164123,0.002550787099792862,-0.04187565244249192,0.0,0.006239081827514354,0.005041717493623333,0.0071134334472397935,0.0
1.5442129388594306,0.18040784812366722,2.6,0.98,0.6538968094696409,0.9523181233155512,0.9773864975585372,0.060039294842847486,0.0022802214673966086,0.0017621150941805094,0.012676898388303968,0.0061891681023001225,0.72,0.1,1.0,1.271539240083437,0.9372371538147533,0.30835075227396075,0.7763189484447718,0.5,-0.00079452761008754,-0.0018420142064800478,-0.009936125320659019,-0.04144136403582456,0.0,-0.0007613431145708687,0.0009492946304299889,0.006043442857447069,0.0
1.9247843902652182,0.1884762650045245,2.6,0.98,0.6898164532617729,0.9592824993629131,0.9837721576631057,0.07876051032655935,0.002274988944529106,0.002014748435181252,0.017682877238651955,0.006021919267518466,0.72,0.1,1.0,1.2707391699077306,0.7465834289544483,0.3265213732045091,0.8363896249799214,0.5,0.002135794000066617,0.0020185798614302053,-0.0026655266081321966,-0.09848001033975537,0.0,0.008980412871974115,0.002827399551423384,0.009015824998340497,0.0
1.7048049785925234,0.1305141648830605,2.6,0.98,0.7155679210445838,0.9274627922079827,0.9774508374664497,0.22233955632751562,0.0021531030084792463,0.002017554608068785,0.014074922811878417,0.005458531492637633,0.72,0.1,1.0,1.2721202055039738,0.5565512327050972,0.39168380184569757,0.6544755230225019,0.5,-0.0008509830038087204,0.005925765038343043,-0.0013110582392304579,-0.08762256980028531,0.0,0.0024454398939604445,-0.006965686465615049,0.01228313226620406,0.0
1.8469141735136956,0.17634152637104145,2.6,0.98,0.7142097457774713,0.9181917334680476,0.9820050845228576,0.199378650254066,0.002107032942096238,0.001980836761890353,0.016530814523377797,0.006419172014337628,0.72,0.1,1.0,1.274096161425191,0.5025940049601614,0.5085511025412677,0.6946295770063687,0.5,-0.0003144031034671145,0.0009176256222648469,0.0017328402874493703,-0.12932098676643025,0.0,-0.00014570604662147166,0.00745154552948348,0.007599650335304239,0.0
1.7328380523357196,0.1461196329621661,2.6,0.98,0.706923191166228,0.9104273662905185,0.9751980102874078,0.2473523148195172,0.0020265382664026183,0.0020014483914834666,0.015222106046053632,0.006002739414799634,0.72,0.1,1.0,1.2709512344032352,0.4262949903884201,0.4446866218168616,0.9776978505592544,0.5,-0.002446186377333191,0.004908848913843273,0.006359991589054372,-0.08600724954002144,0.0,0.01872761995852352,-0.002887522980182678,0.003528425230595729,0.0
1.8730924913474383,0.18810965893791093,2.6,0.98,0.7013472987480416,0.9084716860446156,0.9585290797904944,0.45005920181196996,0.0023267935248615533,0.00218526088479472,0.007472175163618439,0.0051288842338829705,0.72,0.1,1.0,1.2734221201148455,0.38381748849452335,0.3499411384388944,0.7156732582167897,0.5,-0.0033716753753034044,0.004700611087607095,3.0772993789207484e-5,-0.015966838782736123,0.0,-0.03098007945253323,0.005853763408840843,0.005616687688724291,0.0
2.0165216521014195,0.14056440664631165,2.6,0.98,0.7549539053206225,0.9220367550137993,0.9778029793744117,0.4121626392672426,0.0022138502244966993,0.002130063981827311,0.01440480224086018,0.005559322963033046,0.72,0.1,1.0,1.2708793183681173,0.8590135523158023,0.3070213774299579,0.8292875600228036,0.5,-0.0023676444063692216,-0.0010812753729779062,-0.015546572330938918,-0.031460429989909056,0.0,-0.007123840556029306,-0.0008854208371079138,0.0060720999707298585,0.0
1.8969160854256315,0.1502748608902473,2.6,0.98,0.7533154120461472,0.9395078729442231,0.9717987196545516,0.37655644888881795,0.002349968190966826,0.0018533204072116978,0.011713464010570048,0.005464698996518744,0.72,0.1,1.0,1.2719458636226155,0.7793613491449507,0.322763606809986,0.8030626408492,0.5,-0.0013203098028925831,0.00021723912680080026,-8.376140318635725e-5,-0.0542217833698464,0.0,0.014101123269126542,-0.0006553694946964956,0.002180264942144835,0.0
2.154113144490624,0.1827562923843448,2.6,0.98,0.7628540293419667,0.9652155926745981,0.981203139086285,0.37796936909501844,0.0020495491648333136,0.0019283994023405922,0.02377998991896488,0.005413577213974923,0.72,0.1,1.0,1.2764060363822662,0.9635243804503069,0.279444731219681,0.7749653986993201,0.5,0.0007674959063896133,-0.006451290369456775,0.0005688574414845276,-0.09853396967143109,0.0,0.004570525005116417,0.0030892051925532045,0.0019100268825322385,0.0
1.8837862886665744,0.15287498852306095,2.6,0.98,0.7458778565130362,0.9287943562828828,0.9856492014082372,0.3144109884542553,0.0022349596924585062,0.0021132595586040226,0.02681753123515537,0.005003178891949661,0.72,0.1,1.0,1.2737957828966637,0.931244742319409,0.3172617421023989,0.9025546826417512,0.5,0.0035612429460470762,-0.002907469577997434,0.008398354690785773,-0.14250012886732835,0.0,-0.019380380177981153,-0.005559855434328733,0.0029556785599336825,0.0
1.754100134327835,0.13225595642161078,2.6,0.98,0.7531196998768249,0.9378639822906278,0.9830828482573544,0.37983138806226696,0.0023307056688405374,0.001958521873657933,0.027195872392804004,0.006417629907579437,0.72,0.1,1.0,1.2760027693261227,0.5287815138893412,0.2677223728948284,0.9459002532925875,0.5,-0.0028145270066490305,3.3585284867239184e-5,0.007525533874761996,-0.1337158217474659,0.0,0.0039398818889861565,-0.0018591346754451767,0.004750314015641482,0.0
1.3392690799578995,0.06532611414478161,2.6,0.98,0.7559236830527568,0.9561038269176775,0.9841128005016796,0.20105925153094267,0.002135110134381038,0.00207674315831283,0.028796391735903232,0.006962868157499062,0.72,0.1,1.0,1.275558581760625,0.8309945833747235,0.34866133651626047,0.9664049185588401,0.5,0.0019972184566578424,-0.0056314014325904655,0.0041435495361471664,-0.13596437727861382,0.0,0.014234047437796393,0.00702081376148507,0.006533353439851311,0.0
1.564637664981827,0.08339486970137866,2.6,0.98,0.7660663364598728,0.9398499084823738,0.9824118825674045,0.256375243048897,0.0019345639877267238,0.0021435790057193296,0.027179485117016042,0.006477786858753297,0.72,0.1,1.0,1.2738121931982707,1.035439239604433,0.26821876572651304,1.0998636207931767,0.5,3.755230352375891e-5,0.0004442873872855593,0.008762727940819089,-0.18584480258432048,0.0,-0.006351138157689996,0.0018086839854779642,0.004212987778512269,0.0
1.5722389086178845,0.13005807777502948,2.6,0.98,0.7105469899156982,0.9269301827839158,0.9860413506462614,0.3172057294120466,0.0022601388327020385,0.002055052525519231,0.02310784000367092,0.006958811109838576,0.72,0.1,1.0,1.2738951395727414,1.3443000066652446,0.29620584085660967,1.2181346390147911,0.5,-0.0006811293770446122,0.0014577134284856266,0.006111736268832568,-0.22063581541899505,0.0,0.011422353981970333,0.0016716335273394935,0.0021485861822931034,0.0
1.886410915167088,0.1611578464237985,2.6,0.98,0.7035310325406522,0.9100595145466078,0.981521589785889,0.30672004273054404,0.0024778194263673824,0.0019639354839695524,0.022687590429038965,0.00586811938567323,0.72,0.1,1.0,1.2731453560827173,1.6793123308110016,0.19180959615867563,1.2817034689262048,0.5,0.0025319460849306022,-0.00223382461683954,-0.0015375263458340832,-0.20313405685620958,0.0,-0.03023982101256202,-0.00355027200686961,0.005709265384520621,0.0
1.515532957523211,0.1246339233461062,2.6,0.98,0.6807563934806296,0.9279092070283148,0.9782062155278275,0.3423742641514352,0.0026461792958353356,0.0018538872201646578,0.022752205099545657,0.005379974651985012,0.72,0.1,1.0,1.2691034967051615,1.272017093180383,0.2415021398869307,1.088603431487097,0.5,-0.0008351583957530203,0.0008623505045587307,-0.008897041896168885,-0.13650867154670723,0.0,0.025507592423614722,0.0012690777362307248,0.0008587289818916137,0.0
1.8004159476692536,0.11387092942515231,2.6,0.98,0.7164987367580535,0.8852036208945473,0.9702143094683494,0.43652715495298355,0.0026188352292131414,0.0021161343061550405,0.020298198952651458,0.004984235276111799,0.72,0.1,1.0,1.2724204314478273,0.9688209897584493,0.17918173422993,0.8749949178615393,0.5,-2.274551448781532e-5,0.004567318705229449,-0.006821548243352285,-0.006000307449472568,0.0,-0.0074557061571572745,-0.002445799160026425,0.00419519041686689,0.0
1.6554172746041749,0.11301146785442757,2.6,0.98,0.7112135465944929,0.8531950250592443,0.9639905276218357,0.35652639713929746,0.0025868308182892324,0.0019203260608312964,0.02335283732589068,0.005373768100128922,0.72,0.1,1.0,1.2724182910461364,0.6851711483231953,0.25026175855907146,0.5180627856606288,0.5,0.001191667489592016,-0.0015830891201317802,-0.010974915337379222,0.0416181697718524,0.0,0.023427403453100893,-0.010074503104269496,0.003983379830504978,0.0
1.934302775633979,0.17413873590068008,2.6,0.98,0.7054082390030152,0.9381676942710557,0.9710019842525559,0.2097374332371171,0.0025415708671714466,0.002018955077067507,0.029458139230369634,0.005498724872594771,0.72,0.1,1.0,1.2752973359701105,0.4842974028319299,0.3768065693221449,0.6969739881310759,0.5,0.00030252668516168,-0.007184860370257005,-0.00352748799213599,0.0073143955054311436,0.0,-0.0016334123207793066,0.009731650842802388,0.007484716679174165,0.0
2.0901960600776497,0.16366448350130355,2.6,0.98,0.714528298729718,0.9188099414782664,0.9814989677782989,0.1682130804566239,0.0024966893587368448,0.002216444520541123,0.030698167454347242,0.006728186342386231,0.72,0.1,1.0,1.273687321595935,0.8766969432887143,0.2998373943377156,0.8715447416843904,0.5,-0.0009977133531277132,0.0014047439131796016,-0.0011872382512880027,0.004976172477629223,0.0,-0.02777908611901253,-0.0012549840728765618,0.012702397549823607,0.0
1.9288081026485466,0.10808897273877069,2.6,0.98,0.7380727686524512,0.9467805265904122,0.972855603053273,0.09213106234444296,0.002423950220076218,0.0019661503975358418,0.02097947496868311,0.007175860958160739,0.72,0.1,1.0,1.2759005442914242,0.5635227896924623,0.2888498602070466,0.3492132207944236,0.5,-0.0003936479533901907,-0.0005270653662749732,-0.012719932768774509,0.06279701943415031,0.0,-0.04646195300332345,0.013827849669457864,0.006533509980465987,0.0
1.867288031198862,0.16407921902040135,2.6,0.98,0.6903126190657409,0.8751417977743057,0.9691304127896212,0.2551450365044128,0.0027409006561580898,0.002004721188289753,0.01822012917319921,0.005487020187406151,0.72,0.1,1.0,1.2721253250218778,0.8365587847690306,0.3779898581253492,0.5833847985813402,0.5,0.0028676614799760434,0.00548982229630085,0.0010486873717852475,0.001528499335381424,0.0,-0.02592578748598945,-0.0029766657340556347,0.012354357707510272,0.0
1.9317781469991913,0.13376673080931722,2.6,0.98,0.7324540424144678,0.9144690015210803,0.9790114717719897,0.30228861737642804,0.002425551079394,0.0019059223478482433,0.018627620746836254,0.005545591889644014,0.72,0.1,1.0,1.272120560844449,0.5157794688327756,0.40045650036047525,0.34980208133372626,0.5,0.0002154322910779115,0.00024227073586223188,0.004216680713823208,0.045109433779955924,0.0,-0.013972649492949324,0.004924039980235516,0.010282413545156497,0.0
2.086552010946425,0.15402110858012077,2.6,0.98,0.730495445756824,0.910594595892781,0.961347827985299,0.2939754279376705,0.0027369900659831477,0.002294152533677841,0.015259356710778408,0.0053100915208618435,0.72,0.1,1.0,1.2766187329607572,1.001621553097083,0.183144413974585,1.1084385379268642,0.5,0.001611127700032151,-0.004342304580090457,-0.015336101583057711,-0.07859130854579488,0.0,-0.007977305326004599,-0.012932270315006725,0.005381491343731492,0.0
1.9283029231380395,0.16366116174402126,2.6,0.98,0.704632202265959,0.9421020637979189,0.9689526509691774,0.39609756695479137,0.002405085318197591,0.001891677631974514,0.013001056660989843,0.00519493445207209,0.72,0.1,1.0,1.2737417527219572,0.43556672454908274,0.4577148192861994,0.45307868845335275,0.5,0.0006835516353373757,-0.0016980930401516207,-0.018944469196659253,-0.03197669858382379,0.0,-0.05284174755439325,-0.026174091939280254,0.002411376083597118,0.0
1.3179593337697493,0.08516278261684285,2.6,0.98,0.7000995219987245,0.9613889227960215,0.9825398941992316,0.21026947507939875,0.002590883266707135,0.0020740623983411806,0.01404517328932757,0.006144562143623065,0.72,0.1,1.0,1.2806433210412047,0.337407903613435,0.3218794136319707,0.7963572691483961,0.5,-0.0029577575245808663,-0.009740229975316816,0.002450485200865068,-0.010920013874842073,0.0,-0.020263394852439984,-0.00041853533343840746,0.0025275427620210416,0.0
1.9400690387941975,0.13432559133500568,2.6,0.98,0.7214007816875254,0.9478112459136226,0.9600990209332203,0.20537390584841222,0.0026963024797634987,0.0020307067877211793,0.01508795472332468,0.005839812770188675,0.72,0.1,1.0,1.2777991921017198,0.34928351794060886,0.2996356591362001,0.5416727327884211,0.5,7.25557115078312e-5,-0.0040011917001558685,-0.002226729198789876,0.00042971838785902565,0.0,0.03362168805009827,-0.00557536356880267,0.0025356129762285967,0.0
1.7560889220176197,0.14103718183373543,2.6,0.98,0.698816225603874,0.9721396367720888,0.9646377220904198,0.3035672753417756,0.0022303955524395603,0.002059039876477539,0.013331913877968952,0.005451608126085617,0.72,0.1,1.0,1.2766503399285234,0.5524615112820618,0.3871527804589209,0.5958291604003658,0.5,-0.0007162605504959221,-0.0034845925133862466,-0.009695729479697181,-0.04835904370341562,0.0,-0.03805461022872795,0.002213691085733286,0.0006249487617470194,0.0
1.7458592606125596,0.11501013770284833,2.6,0.98,0.7136555245415089,0.9188733552003424,0.9719658465377328,0.40952818558534493,0.0020913903515806047,0.0020112674602787537,0.019304249849549582,0.005988231856647879,0.72,0.1,1.0,1.275410091728901,0.5601644444938879,0.3237772419049392,0.6668437320129249,0.5,0.001979324387619707,-0.003331907837914136,1.0313843906181597e-5,-0.050309226865351,0.0,0.03473312149217414,-0.0022691121619307355,0.00392499842410658,0.0
1.9288180661417218,0.15584350025850718,2.6,0.98,0.725368887072738,0.9408300335767296,0.9847721195157525,0.3478859965305327,0.002346560015757026,0.0019116042031060575,0.024715015107649545,0.005316771877357853,0.72,0.1,1.0,1.2743370932162847,0.8505035004893952,0.32881519386174357,1.0052544640422933,0.5,-0.003014319919236872,-0.003944086696041923,0.004076107927831944,-0.08474340745477245,0.0,-0.054830213249460906,0.003106261985012295,0.005699940530908391,0.0
1.895911337813035,0.1317942226327445,2.6,0.98,0.7600974587276148,0.9101531118229204,0.9833612214397905,0.282071041027524,0.002148718903030256,0.0022260369556854026,0.021028662045095046,0.005845688330852952,0.72,0.1,1.0,1.2724405939083805,0.3377391852771518,0.36048602418665077,0.7596302004716836,0.5,-0.0009345987971415532,-0.0006815145846741033,-0.005009464633139709,-0.07587760529480969,0.0,-0.062459544405633186,0.006816648564885858,0.0042273263544350985,0.0
1.767010217741284,0.09608641564093273,2.6,0.98,0.7551839929114157,0.9046260887087116,0.9818063674075752,0.3383037235670958,0.002187982851413425,0.0021607051617255064,0.024418815870067813,0.005660168795349015,0.72,0.1,1.0,1.2729394635808364,0.46263387520449895,0.3210406320422644,0.7435200600093674,0.5,0.0028225226890387788,-0.002021566636532823,0.004613621443825205,-0.08009265851709486,0.0,-0.026347298273838606,0.00584124530584538,0.0018186210832174545,0.0
1.9327654272445898,0.12560149930233921,2.6,0.98,0.7565613130255029,0.9162807016585259,0.9704192180873118,0.287845416701654,0.0022065633525578682,0.0019547447088486243,0.017235529137781022,0.005312534390971521,0.72,0.1,1.0,1.2737217972543187,0.6107915696619279,0.37877732605766024,0.4288033814092945,0.5,-0.0010638314757610823,-0.0012852231581670021,-0.014128834650215125,-0.01995255563509883,0.0,0.021539962948543864,-0.012333464829891758,0.005063612433712375,0.0
1.8852108853008187,0.1421407839278522,2.6,0.98,0.7536916975206985,0.949689554235311,0.9776384376226727,0.2772525499617484,0.002331410582092621,0.002331220271986201,0.02016646566136229,0.005969811104896237,0.72,0.1,1.0,1.2734084142646516,0.7380924340085169,0.39741746084375523,0.7023124795304204,0.5,-0.0029467761634695265,-0.004227115117411496,-0.004498253236580088,-0.09000463786238391,0.0,-0.02507444283406932,-0.004462776435703799,0.0018701696210884002,0.0
1.9161173706446069,0.1614509256894439,2.6,0.98,0.7521049467540172,0.9260437008200098,0.9799663874135536,0.3937911668614849,0.0022517031665619416,0.0022547210212737904,0.016969739254301702,0.005754591985665586,0.72,0.1,1.0,1.2718824287236494,0.7895928282717963,0.23148638756806278,0.4975480728317527,0.5,-0.0005404113197731411,-0.0028943396814754023,0.0050233157760366035,-0.034468769631856376,0.0,0.013317318667588597,0.012384111933162885,0.004787777845799208,0.0
1.6594439201284303,0.13753964519731016,2.6,0.98,0.7391615932974911,0.9297995246625971,0.9787479185100475,0.34833918251157786,0.0021452390895308035,0.002221422693879036,0.01910486928369654,0.004795421898505004,0.72,0.1,1.0,1.2686883056595513,0.41244454259996327,0.2965672768903176,0.8045251099098724,0.5,-0.00016368784053790103,0.006137412849270929,-0.0006470069497870696,-0.06795589923199237,0.0,-0.014711956833056592,-0.006307676271655872,0.006292019630679539,0.0
2.1846012188573596,0.11436045878459809,2.6,0.98,0.7848470494580513,0.9446759224535339,0.9780889305353438,0.2996367715126275,0.0020005171692576273,0.0023952503865036405,0.02587007150711617,0.005183853952246056,0.72,0.1,1.0,1.272717701853621,0.6131507380318633,0.34936353145541654,0.7124905725888931,0.5,0.0009830433796889089,0.002048038302180046,0.010869054279379465,-0.08078705913278252,0.0,-0.022872987554595083,0.014126225705076116,0.0074320013795974894,0.0
1.6161540567193862,0.11066991660278044,2.6,0.98,0.7289724744066409,0.9182350154607054,0.9762513512350631,0.2641474274105164,0.0020380511331418052,0.0020647803342290975,0.02079539604310887,0.005881050801999663,0.72,0.1,1.0,1.2738791853198608,0.8703952972751415,0.3175884785962765,0.7510211758140011,0.5,0.00018201558027972184,-0.004631938621574936,-0.009075156093451513,-0.07357600134723086,0.0,0.00045256131169352795,0.008407642512625612,0.00803355934620507,0.0
1.7463702298178796,0.1426621759299377,2.6,0.98,0.727525089033694,0.8833483397002183,0.9787802134350899,0.3550650381963606,0.002343453625823233,0.0020456163978432662,0.020459375350795353,0.00523123667105419,0.72,0.1,1.0,1.2723012303828862,0.5028014492594503,0.28550284481431665,0.5042102897968801,0.5,0.0023272464317843715,-0.0040455171101904065,-0.014901827070381218,-0.07970705382195863,0.0,0.018147595056346513,-0.01194119306009948,0.0022106394310946412,0.0
1.6590863856085498,0.08951363353789338,2.6,0.98,0.7692577178052777,0.9235346006224003,0.9811487765948836,0.3201243894455626,0.0019776996395338884,0.002329789359803691,0.018404185348714682,0.005708336691786408,0.72,0.1,1.0,1.2740785883886228,0.6020466538713298,0.38450274989168404,0.5921803670729346,0.5,-0.00045445442689904614,-0.0018001988278904199,-0.009733225476533457,-0.1061430384132944,0.0,-0.03208572157667679,-0.0014108502483114642,0.0014453742208008881,0.0
1.785314178955587,0.13792680886710676,2.6,0.98,0.7566290046203081,0.9363605343429671,0.9855639143309465,0.3331444901725892,0.0019639650209591045,0.0025368942021001743,0.022896694903012483,0.005385355470856649,0.72,0.1,1.0,1.2751460553881773,1.2913760952942899,0.3369357796922624,1.1784068975160027,0.5,-0.0026625347051803575,0.00016765133931701621,-0.014478828901540184,-0.2047386869118089,0.0,-0.021231712972306603,-0.005871381688909883,0.0016070354678434675,0.0
1.7541877934378505,0.16482627598023908,2.6,0.98,0.7042405506062333,0.957200011255375,0.9742453479809547,0.2090597779825822,0.002437020858503803,0.0025153276207563672,0.014388115520084363,0.0054392986953655156,0.72,0.1,1.0,1.279068293545872,0.7663805611640384,0.27467328750475,1.0378981691010547,0.5,-0.0014642477312448122,-0.0005168341325011958,0.009212284506300414,-0.10422298349197145,0.0,0.04212829686205513,-0.0022140166093458395,0.0065339733476114355,0.0
1.8453569433167323,0.17915945999496885,2.6,0.98,0.7123271511789984,0.9345701349395431,0.9825009100914098,0.17239833381882114,0.002431790297553333,0.002601526764329214,0.014797272013722742,0.005598960720473094,0.72,0.1,1.0,1.2795469154847696,1.056879881195408,0.321659966397498,0.8121238812891839,0.5,-0.0031571506341475392,-0.0030517548450421346,0.008381872618350637,-0.11842017095272805,0.0,0.01462353091322981,-0.0029161947069523825,0.0072667851596353375,0.0
1.9274239461232716,0.1438463672231954,2.6,0.98,0.7532552992687663,0.929637981370407,0.97183572961514,0.28027067960713464,0.002209392659207288,0.00287507746289997,0.013819669330414612,0.0052005196143641115,0.72,0.1,1.0,1.2819294393851377,0.9748565512129742,0.2995555087930915,1.0696554460839183,0.5,-0.0018186404881567176,-0.006901275961004901,0.00025183834812830987,-0.12593047046290562,0.0,0.016390235005023665,0.006809923048585116,0.0027117640772793107,0.0
1.5887597434066383,0.11714065730403996,2.6,0.98,0.7262648288301903,0.9302566625158921,0.9663513163161009,0.3213887112500028,0.002507098305711972,0.002345281994205575,0.008634350131376199,0.005833416233912566,0.72,0.1,1.0,1.2800185587442752,0.5335685770784747,0.2190506838951169,0.6076073204370317,0.5,-0.0018039417531397293,-0.003646808915776939,0.01638515703692164,-0.007265224883166608,0.0,0.011165617812720933,-0.0004733403977109583,0.0015569775759059217,0.0
1.6287536777208589,0.16786310048609948,2.6,0.98,0.6941016203318982,0.9186791189012454,0.9811172261150897,0.17946790928440137,0.002756699297392088,0.0022409897912932424,0.020341428156394562,0.0061181083887625175,0.72,0.1,1.0,1.2792148382094566,0.764624795788136,0.23948718591908552,0.9327830129674719,0.5,-0.0006334956569447464,-0.003948869041244535,0.008498428489859083,-0.10114672614453324,0.0,-0.03622414055579547,-0.0035818002816289875,0.004448492510674022,0.0
1.804524955057412,0.1429025008680345,2.6,0.98,0.7252182561998333,0.9772337289461057,0.9860011629319391,0.22725933691590294,0.0024542255466137634,0.0023088240745893487,0.01677589161226522,0.006649962651891019,0.72,0.1,1.0,1.2807128324795998,0.950710582204696,0.29776152987501664,1.1929828997673324,0.5,0.0010247326330304718,-0.0066848983465449315,0.0019035768365463796,-0.1605491558004415,0.0,-0.039495372566478,-0.006315240358846235,0.004515953199982099,0.0
1.9972788725814246,0.12280233399813374,2.6,0.98,0.759256711323545,0.9503367303343186,0.9728895834741375,0.31441173791639204,0.0023354761245082825,0.002047860062917677,0.013723250140319722,0.0064172076883630795,0.72,0.1,1.0,1.2750689018000831,0.5090501309949296,0.39606326373157047,0.640037942552126,0.5,-0.00033404698042448173,-0.002715506174900368,0.005810272405460417,-0.0970693367158178,0.0,-0.011790949991873141,0.0033525428920306525,0.0042567391586739774,0.0
2.1130952016060363,0.15579548220710454,2.6,0.98,0.7605085653625737,0.9753523913101096,0.9726852758198323,0.25737274964994733,0.0025013975604504563,0.002015304041818027,0.010368050428158776,0.0058326990213619,0.72,0.1,1.0,1.2711366410389333,0.3365303347849396,0.351083258971841,0.7080370497134871,0.5,0.001552334262794401,0.005679426314410324,-0.011986542528491665,-0.05332778049346065,0.0,0.019589262165503933,-0.012639018935837142,0.004995151588101118,0.0
1.865745392296353,0.16031253877372809,2.6,0.98,0.7669724415492302,0.938618110935244,0.9756734553039452,0.42245901135545216,0.002110665477475762,0.002016497924127157,0.01532883404451876,0.00554498396746418,0.72,0.1,1.0,1.2685245016846642,0.4916748879894336,0.3393657399247407,0.9572613817289928,0.5,0.0009163638807438508,-0.0008112985598708504,-0.0015715286161850236,-0.12216648741318545,0.0,-0.02311030232927641,-0.00401183081675894,0.004042214632026915,0.0
1.811551949765611,0.116048997840392,2.6,0.98,0.7805480812817978,0.9262424313129445,0.9838821004902818,0.4436538013293943,0.002168050800402308,0.0018431308714523737,0.018678876614374874,0.0049125069743064615,0.72,0.1,1.0,1.270399622484015,0.56896674232884,0.3606106682080627,0.8037660614111396,0.5,0.0008094689265014244,-0.00046998704355319875,0.0009251290980297111,-0.11875523028768685,0.0,-0.024308433472704824,-0.004873718646524521,0.005427307404106459,0.0
2.2180563285747628,0.19144155560488488,2.6,0.98,0.7619395096815879,0.9087767149559141,0.980444903817495,0.35707933649939316,0.0020864789070480353,0.0020545492052899783,0.013715362448205206,0.004628474716090598,0.72,0.1,1.0,1.2719469969693744,0.4077888092526602,0.4225177746722893,0.4576990266720359,0.5,0.0036144058977191423,-0.0010890989779686706,0.008980167706585662,-0.012900200650705088,0.0,-0.0430018308733237,0.005188712626244667,0.0027587790687302874,0.0
2.0271638289553175,0.1185610395847284,2.6,0.98,0.7812023613099011,0.9228806586283408,0.9613205563108785,0.21876862754570692,0.0019898158879852624,0.0019284231134822014,0.011560583921653367,0.0059358701514221875,0.72,0.1,1.0,1.273172790191306,0.31209234622979504,0.32166146052712646,0.7502926255546694,0.5,0.002418867748738522,-0.006201188456133785,-0.0040637131866631355,-0.01446018402698799,0.0,0.016907051790434526,0.00903399325988472,0.0033257226901604532,0.0
1.7949559222509288,0.13742480091257567,2.6,0.98,0.7612994281206353,0.8794365736631371,0.96245575945293,0.42999231810616245,0.0021455293854570454,0.0022594363069987507,0.007899569392122177,0.005771763499704438,0.72,0.1,1.0,1.2717877408284988,0.5262197570095092,0.21136102395538106,0.5551253661310246,0.5,-0.00245321785404861,-0.00866294976865602,0.0010251131712402297,0.017414211881472696,0.0,0.08029387085804347,0.01243394472742131,0.0016463103069969014,0.0
1.876825441414883,0.19662894571695738,2.6,0.98,0.7115685078206673,0.9293675555084057,0.9754023687281915,0.43361142902815486,0.002513649193713559,0.0020164556644769486,0.015798095679619317,0.00501202975616102,0.72,0.1,1.0,1.2718192691609074,0.4283721370760085,0.2711428762238877,0.9341662622834909,0.5,-0.0034109863770022805,-0.003012719359813748,0.0022892264793273765,-0.05469747221270082,0.0,0.006653527375436447,0.004489850187577852,0.0018540987456295995,0.0
1.6726271549811582,0.14768822409334023,2.6,0.98,0.7276959252108296,0.8899712259720355,0.9718748829952626,0.25833179992391947,0.002439333063787726,0.002332598562721001,0.014591388892070865,0.005717401184085478,0.72,0.1,1.0,1.2691026316959297,0.6843396199789746,0.2256390298533307,0.5228712384957945,0.5,0.0017386287519485372,0.005868365857431386,-0.003575924009983512,-0.012994338571356978,0.0,0.051611144939727,-0.008329383692973239,0.003346511891169301,0.0
1.7542779403458517,0.12734637867306944,2.6,0.98,0.7343130156318488,0.9250021428163235,0.9761821800648809,0.061068927566604814,0.0025472367556601838,0.0018427630469220347,0.014178933851854623,0.006715073661085576,0.72,0.1,1.0,1.2711063725000649,0.47786727477670554,0.3204930419633748,0.40435100215652675,0.5,2.278459346735122e-5,0.0038335819196328854,0.00966422406563801,-0.003965995687867896,0.0,0.005206004564183041,0.0009074774168641507,0.0025518264419807316,0.0
1.435813632573941,0.09921212217094659,2.6,0.98,0.7482946583592089,0.9288924908965364,0.9658108790680908,0.1581114642124866,0.0024097530552735255,0.0021847712717218267,0.0077970966042848165,0.006323141392790243,0.72,0.1,1.0,1.2718491657025541,0.42425286174499277,0.3369744284920543,0.23391834715380366,0.5,0.0034015749380313033,0.0006222627484712799,0.00350508383426704,0.03765136215378504,0.0,0.028025033173247747,-0.004659534411200447,0.007630716458531465,0.0
1.8264237230286238,0.11802743021058419,2.6,0.98,0.742136222325618,0.9594294725086898,0.9558345523631366,0.22324991568012678,0.002231347134775149,0.0019127176884932257,0.010353761791708074,0.005755488135603859,0.72,0.1,1.0,1.2695242755027352,0.7586940141083988,0.35202297458458504,0.8496845607258355,0.5,-0.00023075824842001428,0.002830643476471996,-0.00306394962857772,-0.05075129378265885,0.0,0.026525432455347275,-0.005001296352766323,0.006690374000176086,0.0
1.9741732301453934,0.1209158303422787,2.6,0.98,0.7621446820302658,0.9093025624727984,0.9479647374299701,0.315176676574735,0.0020934596019667154,0.0020432679455307454,0.009879280946702367,0.005607287000720294,0.72,0.1,1.0,1.272821992874947,0.4760763281506418,0.27691684499202585,0.28069291118062634,0.5,-1.130366754674108e-5,0.0014877356612255752,-0.0035340486747103867,0.016805247897753946,0.0,0.05187108186344706,-0.0036642919005523897,0.00750992760725282,0.0
2.3492782829403756,0.18884884337591423,2.6,0.98,0.7377663368212936,0.9447407060352869,0.9622712171441786,0.4347113861875704,0.0022010175194824596,0.0023305976404870217,0.017773499953611216,0.00557158111941966,0.72,0.1,1.0,1.2720249481582413,0.7658364374112725,0.1547625854062163,0.8133779781008826,0.5,-0.0009336130524051517,-0.0025771376655741836,-0.0026262485140310997,-0.006724092645311163,0.0,0.00038752107613988784,0.008641514812356055,0.0007506785853294458,0.0
1.98650492412875,0.14896165231054806,2.6,0.98,0.7671239766392004,0.9029341891471327,0.9815249125516292,0.5090202184064948,0.0020151279354943628,0.002166812568974877,0.023331847964447896,0.004789431384172247,0.72,0.1,1.0,1.2714143052130955,0.5227705022545275,0.23589254127479825,0.8325618489923456,0.5,0.001721064093328647,-0.0010448416785021875,0.004205154806670837,-0.0270500243877971,0.0,-0.046944643264392065,0.004020871413006683,0.0035894730505761758,0.0
1.619219727021361,0.13099696929770815,2.6,0.98,0.7582754685853428,0.9192459246832843,0.9829255309779787,0.4543212127267674,0.002108521078987774,0.0020686204347550876,0.021260187395485637,0.005660725049901389,0.72,0.1,1.0,1.2726334628690459,0.6612666006812765,0.17607423880642487,0.8529073782549349,0.5,0.0034706939541686906,0.0015144135423120326,0.007211583101075539,-0.03112542742855089,0.0,-0.015129154738151518,7.402241087559004e-5,0.001332218356028424,0.0
1.77743218998893,0.08675504880576328,2.6,0.98,0.8092618352225345,0.9716475632042777,0.9651104566602978,0.4776647389528132,0.0018234353628610166,0.0019653451993664082,0.013894394483096798,0.004928761161883544,0.72,0.1,1.0,1.2678867815469297,0.7312965427277248,0.35833535958868895,0.5874447020170559,0.5,0.0010618478853052467,0.006122548042738215,0.000963267240861934,-0.03833745992770257,0.0,-0.006304701505554164,-0.004246599039924959,0.006078042102062513,0.0
2.0460231038249557,0.14032818763469698,2.6,0.98,0.8084664748072075,0.9400484852987939,0.9631981963571671,0.4726789098456533,0.0017806633517590438,0.0022890007542541936,0.011902878597948266,0.00463075373268646,0.72,0.1,1.0,1.2654175690838292,0.5094310334040831,0.32005907295208114,0.5876397748643772,0.5,0.0013487709609584762,0.007365164961552061,0.01443546659621104,-0.015175897699110038,0.0,-0.030488403087070615,0.0036170716223637464,0.0031155951457484546,0.0
2.219531193599813,0.14681109341344345,2.6,0.98,0.8115943758621158,0.9434329322877654,0.970285741066241,0.3158242514375872,0.001620320345004835,0.0023607292031965457,0.013813358224750497,0.005111374062642033,0.72,0.1,1.0,1.2699429171242733,0.47451230691088403,0.33893167473352004,0.8384954199076008,0.5,-6.907060950444096e-5,0.0025669560466289472,0.001604753008941823,-0.025770137378990275,0.0,-0.06517453243246493,-0.0006605908489205592,0.006483596435408715,0.0
1.8540806549209061,0.07643379876397596,2.6,0.98,0.8173909182771488,0.9024429569895855,0.9653021510732703,0.284860037330888,0.001916340982408003,0.0021426620949175188,0.011402726689547817,0.006195622285632981,0.72,0.1,1.0,1.271372832215709,0.8786195491614419,0.13794628929103653,0.762471576256328,0.5,-0.004578817160103092,0.00042739558097191176,-0.0062843602997993435,0.005647422683421513,0.0,-0.022420122005439993,0.0010117689275296305,0.007605280727227973,0.0
